What are the three key factors widely recognized as crucial for competitiveness?,"Fierce competition, entrepreneurship, and innovation are recognized as key factors."
What is the primary economic effect of the formation of new businesses?,The formation of new businesses leads to job creation and has a multiplying effect on the economy.
How does entrepreneurship socially empower citizens?,It empowers citizens by generating innovation and changing mindsets.
"To be successful, what must the creation of a new business with development potential satisfy?","It must satisfy a specific, unsatisfied need."
What does a 'business concept' include?,It includes the clear identification and formalization of the unsatisfied need that the new product will provide.
What are the three core variables that represent the stages in entrepreneurial success?,"The core variables are the business concept, production technology, and the product itself."
"What is the first stage in the entrepreneurial success process, which involves idea incubation and considering options to solve a problem?",The first stage is opportunity recognition.
The stage in the entrepreneurial process that involves the tangible actions to create an organization and a product is known as the _____.,technology set-up and organization creation stage
What happens during the 'Exchange' stage of the entrepreneurial process?,This stage involves connecting to markets and gathering customer feedback to continually evaluate and adapt the product and organization.
What is the first of the five stages in moving from an idea to a product?,"Stage I is Analysis and characterization, which involves analyzing the product and existing marketing conditions."
"In the five-stage process from idea to product, what is the purpose of Stage II: Concept development?","It uses information from the first stage to develop a business concept for the idea, potentially exploring several realization options."
During which of the five stages of product development is a detailed engineering design and aesthetic of the components developed?,This occurs during Stage III: Detailed design.
What is the primary purpose of Stage IV: Building a Prototype in the product development process?,"The prototype's purpose is to provide a realization as close as possible to the final product for testing operational, functional, and ergonomical aspects."
What does Stage V: Production involve in the product development process?,It includes building suitable tooling for the product (like moulds) and defining the order of processes on the production line.
"According to 'Business Ideas.pdf', what is the first step in the idea development process?","Step 1 is Idea Generation, which is the process of finding the right business idea."
"What is the second step in the idea development process, which involves deciding which ideas to pursue and which to discard?",Step 2 is Screening.
What is the third step of the idea development process?,"Step 3 is Developing the idea, which can involve creating a prototype, design, packaging, and name."
"What is the fourth step in the idea development process, focused on collecting information about the marketplace?","Step 4 is Research, which determines if there is demand for the product or service."
"In the idea development process, Step 5, 'Testing,' involves what kind of activities?","It involves activities like using focus groups, giving free samples, and attending fairs and markets."
What is the final step in the six-step idea development process?,"Step 6 is Launch, which is usually supported by appropriate marketing activities."
What is the definition of Software Entrepreneurship?,It is the process of turning an idea into a real software product or service with the intention of putting it into real use.
What is a key difference between a software entrepreneur and a software developer regarding ideas?,"Entrepreneurs generally pursue their own product or service ideas, whereas developers typically pursue their employers' ideas."
"In terms of problem-solving, how does the role of a software entrepreneur differ from that of a software developer employee?","As an entrepreneur, you are the final problem solver, while an employee can typically escalate unsolvable problems up the hierarchy."
The software entrepreneurship process is described as being _____ rather than completely linear.,iterative
What is the first step in the software entrepreneurship process?,The first step is getting an idea for a software product or service.
What is the recommended approach for the initial development of a new software product when user preference is unknown?,"The recommended approach is to develop a minimum viable product (MVP), release it, and then gather user feedback."
What does the 'Testing the Idea' step in software entrepreneurship involve after a product is released?,It involves measuring how people use the software to see if they use it as expected and to gauge user engagement.
What does 'monetizing' a product or service mean in the context of software entrepreneurship?,"It means finding a business model that enables you to make money from the product, such as through ads, selling data, or charging users."
Name one of the key advantages of software as a product for an entrepreneur.,"Software can be made from home, requires no big factories or raw materials, and has a very low distribution cost."
What are some sources mentioned for generating business ideas?,"Sources include published information (magazines, newspapers), idea generation techniques (brainstorming), hobbies, interests, skills, qualifications, and work experience."
What is the purpose of 'Screening ideas' in the product development process?,The purpose is to decide which ideas to pursue and which to discard based on specific criteria.
"When screening business ideas, one should consider which idea best meets the needs of _____.",customers
List three criteria used for screening business ideas.,"Criteria include which idea generates the highest profit, best fits business goals, is technically feasible, and has a lower level of competition."
What are some activities involved in the 'Developing an idea' stage for a physical product?,"Activities include developing a prototype, creating the product design, developing packaging, deciding on a name, and obtaining a patent or trademark."
What are the four components that a 'good business idea' is based on?,"It is based on a product customers want, a price they can afford that gives you profit, the skills you have or can get, and the resources you can invest."
What is the first way of measuring business success mentioned in 'Business Ideas.pdf'?,"The first measure is Profitability, which can be assessed by financial ratios like profit margin."
How can 'Job creation' be used as a measure of business success?,It can be measured by counting the number of employees the business has created.
What does 'Market share' measure as an indicator of business success?,It measures how big the business is by dividing its sales into the total sales of the market.
How can 'Customer satisfaction' be measured to evaluate the success of a business?,It can be measured by carrying out customer opinion surveys and market research.
"The fifth measure of business success, 'Socio-Economic and ethical considerations', asks what key question?",It asks how the business's activities impact the environment or society.
The 'Writing a business plan.pdf' states that the _____ appears first but is the final section to be written.,Executive Summary
What is the purpose of the Executive Summary in a business plan?,"It summarizes the whole plan in a nutshell, with a paragraph or two about each of the other sections."
What are the typical components listed in a business plan's table of contents?,"Executive Summary, Company Summary, Products, Market Analysis Summary, Strategy and Implementation, Management Summary, and Financial Plan."
What kind of information is included in the 'General Business Overview' subsection of a business plan?,"It includes a description of the business, its place in the market, the needs it will fill, and its target markets."
What is a Mission Statement in a business plan?,A Mission Statement describes the company's philosophy in a few sentences.
How does a Vision Statement differ from a Mission Statement?,"A Vision Statement describes how you see your company in the future, while a Mission Statement describes the company's current philosophy."
What information should be detailed under the 'Product Description' section of a business plan?,"This section should describe the products/services, their benefits, advantages over competition, and the business's developmental stage."
The 'Market Research' section of a business plan should contain an analysis of what?,"It should analyze today's market, past and future industry trends, target market size and demographics, and projected market share."
"In a business plan, what is the purpose of analyzing the competition?","The purpose is to identify competitors, analyze their strengths and weaknesses, and outline how your company plans to overcome them."
The 'Marketing and Sales Strategies' section of a business plan outlines what?,"It outlines exactly how the business will find potential customers, including media, promotional methods, and sales techniques."
What information is included in the 'Employees' subsection of the Operational Information section?,"It lists staff positions along with their job descriptions, areas of responsibility, and expected salaries."
What types of inventions can be patented?,"Products, processes (functional or technical), and software can be patented."
A patent is described as a 'negative right' because it confers upon the patentee the right to do what?,It confers the right to exclude others from the invention.
When can a business method be patented?,"A business method may be patentable if it is useful, novel, and non-obvious."
When is the best time to file a patent application for an invention?,It is best to file a patent application before disclosing an invention to the public.
"In a marketing plan, what is reviewed in the 'Market Summary'?","It reviews changes in market share, leadership, players, market shifts, costs, pricing, and competition."
What is the function of the 'Positioning' statement in a marketing plan?,It is a statement that distinctly defines the product in its market and against its competition over time.
A _____ is a statement summarizing the benefit of the product or service to the consumer.,Consumer promise
What is discussed under 'Packaging and Fulfillment' in a marketing plan?,"This section discusses the product's form factor, pricing, look, strategy, and fulfillment issues."
The goal of the course CCS 4205 is to equip students with skills to convert an idea into a _____.,viable business
What is 'Test Marketing' in the context of product development?,It is a stage in product development where the product and its marketing plan are tested in a realistic market setting before a full-scale launch.
What is 'Commercialization' in the new product development process?,It is the final stage where the new product is introduced into the market on a large scale.
What are Intellectual Property Rights in the context of entrepreneurship?,"They are legal rights that protect creations of the mind, such as inventions, literary and artistic works, designs, and symbols, names and images used in commerce."
What does SWOT analysis stand for in a business plan?,"Strengths, Weaknesses, Opportunities, and Threats."
The 'CCS 4205 ASSIGNMENT 1' asks students to propose an architectural design for what type of business?,"The business is an intermediary between customers and showroom owners, using a website for vehicle searches."
What are two key challenges that can be addressed by shortening the product life cycle and differentiating from competitors?,These actions can address fierce competition and the need to reduce manufacturing costs.
"According to the course outline, what is the purpose of carrying out research into customer and market requirements?",The purpose is to analyze the requirements and translate them into a product specification.
What are two critical issues in small business management mentioned in the course content?,"Raising capital and other business resources, and cash flow management."
What is 'branding' as a management skill in entrepreneurship?,"It is the process of creating a strong, positive perception of a company, its products or services in the customer's mind."
What is the 'consumer adoption process'?,It is the series of stages a consumer goes through from first hearing about a new product to finally adopting it for regular use.
Why is a business plan important for an entrepreneur?,"It serves as a roadmap for the business, helps in securing funding, and aids in making strategic decisions."
What are two components of the marketing mix (or promotional mix)?,"Common components include advertising, public relations, sales promotion, and personal selling."
"According to Phillip Kotler's definition, what is a 'product'?",A product is anything that can be offered to a market to satisfy a need or a want.
"In the initial stage of generating ideas, what limitations should an entrepreneur temporarily ignore?","At the early stage, one should not be bogged down with the limitations of time or money."
What is one of the main benefits of market research for new product innovators?,It helps to determine whether or not there is a demand for a product or service before significant resources are invested.
"The entrepreneurship process can be seen as having three stages: Opportunity recognition, Technology set-up and organization creation, and _____.",Exchange